name,category
Chicken Breast,Frozen Articles
Chicken Nuggets,Frozen Articles
Chicken Wings,Frozen Articles
Breaded Chicken,Frozen Articles
Chicken Tenders,Frozen Articles
Turkey Breast,Frozen Articles
Turkey Sausages,Frozen Articles
Beef Patties,Frozen Articles
Meatballs,Frozen Articles
Hot Dogs,Frozen Articles
Pork Chops,Frozen Articles
Lamb Chops,Frozen Articles
Duck Breast,Frozen Articles
Bacon Strips,Frozen Articles
Veal Cutlets,Frozen Articles
Salmon Fillet,Frozen Articles
Cod Fillet,Frozen Articles
Haddock Fillet,Frozen Articles
Fish Fingers,Frozen Articles
Breaded Fish Fillets,Frozen Articles
Shrimp,Frozen Articles
Scallops,Frozen Articles
Crab Meat,Frozen Articles
Lobster Tail,Frozen Articles
Frozen Clams,Frozen Articles
Mussels,Frozen Articles
Squid Rings,Frozen Articles
Frozen Peas,Frozen Articles
Frozen Corn,Frozen Articles
Frozen Green Beans,Frozen Articles
Frozen Carrots,Frozen Articles
Frozen Broccoli,Frozen Articles
Frozen Cauliflower,Frozen Articles
Frozen Spinach,Frozen Articles
Frozen Edamame,Frozen Articles
Frozen Brussel Sprouts,Frozen Articles
Frozen Asparagus,Frozen Articles
Frozen Bell Peppers,Frozen Articles
Frozen Onion Rings,Frozen Articles
Frozen Mushrooms,Frozen Articles
Frozen Sweet Potatoes,Frozen Articles
Frozen Kale,Frozen Articles
Frozen Pizza,Frozen Articles
Frozen Grandiosa,Frozen Articles
Frozen Pepperoni Pizza,Frozen Articles
Frozen Vegetarian Pizza,Frozen Articles
Frozen Margherita Pizza,Frozen Articles
Frozen Lasagna,Frozen Articles
Frozen Pasta Bolognese,Frozen Articles
Frozen Mac & Cheese,Frozen Articles
Frozen Fish Gratin,Frozen Articles
Frozen Fish Pie,Frozen Articles
Frozen Shepherd’s Pie,Frozen Articles
Frozen Quiche,Frozen Articles
Frozen Meat Pies,Frozen Articles
Frozen Ravioli,Frozen Articles
Frozen Tortellini,Frozen Articles
Frozen French Fries,Frozen Articles
Frozen Crinkle Cut Fries,Frozen Articles
Frozen Shoestring Fries,Frozen Articles
Frozen Sweet Potato Fries,Frozen Articles
Frozen Potato Wedges,Frozen Articles
Frozen Mashed Potatoes,Frozen Articles
Frozen Hash Browns,Frozen Articles
Frozen Tater Tots,Frozen Articles
Frozen Rösti,Frozen Articles
Frozen Garlic Bread,Frozen Articles
Frozen Croissants,Frozen Articles
Frozen Baguette,Frozen Articles
Frozen Cheesecake,Frozen Articles
Frozen Ice Cream,Frozen Articles
Frozen Sorbet,Frozen Articles
Frozen Yogurt,Frozen Articles
Frozen Waffles,Frozen Articles
Frozen Pancakes,Frozen Articles
Frozen Muffins,Frozen Articles
Frozen Blueberry Muffins,Frozen Articles
Frozen Apple Pie,Frozen Articles
Frozen Apple Slices,Frozen Articles
Frozen Mango Chunks,Frozen Articles
Frozen Blueberries,Frozen Articles
Frozen Raspberries,Frozen Articles
Frozen Strawberries,Frozen Articles
Frozen Blackberries,Frozen Articles
Frozen Pineapple,Frozen Articles
Frozen Watermelon,Frozen Articles
Frozen Peach Slices,Frozen Articles
Frozen Grape Mix,Frozen Articles
Frozen Pomegranate Seeds,Frozen Articles
Frozen Chicken Strips,Frozen Articles
Frozen Turkey Burgers,Frozen Articles
Frozen Fish Cakes,Frozen Articles
Frozen Meatloaf,Frozen Articles
Frozen Stuffed Peppers,Frozen Articles
Frozen Cabbage Rolls,Frozen Articles
Frozen Spring Rolls,Frozen Articles
Frozen Dumplings,Frozen Articles
Frozen Gyoza,Frozen Articles
Frozen Egg Rolls,Frozen Articles
Frozen Burritos,Frozen Articles
Frozen Enchiladas,Frozen Articles
Frozen Tamales,Frozen Articles
Frozen Samosas,Frozen Articles
Frozen Falafel,Frozen Articles
Frozen Tofu,Frozen Articles
Frozen Stir-Fry Mix,Frozen Articles
Frozen Ratatouille,Frozen Articles
Frozen Mixed Vegetables,Frozen Articles
Frozen Green Smoothie Mix,Frozen Articles
Frozen Berry Mix,Frozen Articles
Frozen Clam Chowder,Frozen Articles
Frozen Chicken Pot Pie,Frozen Articles
Frozen Beef Stew,Frozen Articles
Frozen Vegetable Soup,Frozen Articles
Frozen Thai Curry,Frozen Articles
Frozen Butter Chicken,Frozen Articles
Frozen Tikka Masala,Frozen Articles
Frozen Gnocchi,Frozen Articles
Frozen Pasta Carbonara,Frozen Articles
Frozen Cauliflower Rice,Frozen Articles
Frozen Zucchini Noodles,Frozen Articles
Frozen Vegan Nuggets,Frozen Articles
Frozen Plant-Based Burgers,Frozen Articles
Frozen Beyond Meat Patties,Frozen Articles
Frozen Vegan Meatballs,Frozen Articles
Frozen Oat Ice Cream,Frozen Articles
Frozen Coconut Ice Cream,Frozen Articles
Frozen Almond Ice Cream,Frozen Articles
Frozen Rice Pudding,Frozen Articles
Frozen Chocolate Mousse,Frozen Articles
Frozen Lemon Tart,Frozen Articles
Frozen Eclairs,Frozen Articles
Frozen Profiteroles,Frozen Articles
Frozen Brownies,Frozen Articles
Frozen Donuts,Frozen Articles
Frozen Churros,Frozen Articles
Frozen Pretzels,Frozen Articles
Frozen Sausage Rolls,Frozen Articles
Frozen Yorkshire Pudding,Frozen Articles
Frozen Bread Rolls,Frozen Articles
Frozen Pain au Chocolat,Frozen Articles
Frozen Fruit Tart,Frozen Articles
Frozen Tiramisu,Frozen Articles
Frozen Berries and Cream,Frozen Articles
Frozen Chicken Korma,Frozen Articles
Frozen Beef Stroganoff,Frozen Articles
Frozen Lamb Rogan Josh,Frozen Articles
Frozen Thai Green Curry,Frozen Articles
Frozen Thai Red Curry,Frozen Articles
Frozen Kimchi Fried Rice,Frozen Articles
Frozen Japanese Gyoza,Frozen Articles
Frozen Tempura Shrimp,Frozen Articles
Frozen Coconut Shrimp,Frozen Articles
Frozen Salmon Teriyaki,Frozen Articles
Frozen Tuna Tataki,Frozen Articles
Frozen Sushi Rolls,Frozen Articles
Frozen Edamame Beans,Frozen Articles
Frozen Korean BBQ Beef,Frozen Articles
Frozen Spaghetti Bolognese,Frozen Articles
Frozen Vegan Mac & Cheese,Frozen Articles
Frozen Black Bean Burgers,Frozen Articles
Frozen Mushroom Risotto,Frozen Articles
Frozen Goat Cheese Tart,Frozen Articles
Frozen Carrot Cake,Frozen Articles
Frozen Red Velvet Cake,Frozen Articles
Frozen Banoffee Pie,Frozen Articles
Frozen Sticky Toffee Pudding,Frozen Articles
Frozen New York Cheesecake,Frozen Articles
Frozen Chocolate Chip Cookies,Frozen Articles
Frozen Gingerbread Cookies,Frozen Articles
Frozen Marzipan Cake,Frozen Articles
Frozen Cinnamon Rolls,Frozen Articles
Frozen Peanut Butter Brownies,Frozen Articles
Frozen White Chocolate Mousse,Frozen Articles
Frozen Pecan Pie,Frozen Articles
Frozen Plum Pudding,Frozen Articles
Frozen Crème Brûlée,Frozen Articles
Frozen Panna Cotta,Frozen Articles
Frozen Apple Crumble,Frozen Articles
Frozen Blueberry Crumble,Frozen Articles
Frozen Chocolate Lava Cake,Frozen Articles
Frozen Vanilla Custard,Frozen Articles
Frozen Mango Sorbet,Frozen Articles
Frozen Raspberry Sorbet,Frozen Articles
Frozen Coconut Sorbet,Frozen Articles
Frozen Coffee Ice Cream,Frozen Articles
Frozen Strawberry Ice Cream,Frozen Articles
Frozen Pistachio Ice Cream,Frozen Articles
Frozen Lemon Meringue Pie,Frozen Articles
Frozen Mocha Cake,Frozen Articles
Frozen Tofu Scramble,Frozen Articles
Frozen Lentil Soup,Frozen Articles
Frozen Chickpea Curry,Frozen Articles
Frozen Ratatouille Casserole,Frozen Articles
Frozen Broccoli Cheddar Soup,Frozen Articles
Frozen Sweet Corn Soup,Frozen Articles
Frozen Tomato Basil Soup,Frozen Articles
Frozen Split Pea Soup,Frozen Articles
Frozen Black Bean Soup,Frozen Articles
Frozen Minestrone Soup,Frozen Articles
Milk,Cooling Articles
Yogurt,Cooling Articles
Cheese,Cooling Articles
Butter,Cooling Articles
Cream,Cooling Articles
Cottage Cheese,Cooling Articles
Sour Cream,Cooling Articles
Ricotta,Cooling Articles
Mozzarella,Cooling Articles
Feta Cheese,Cooling Articles
Goat Cheese,Cooling Articles
Swiss Cheese,Cooling Articles
Cheddar Cheese,Cooling Articles
Parmesan,Cooling Articles
Brie,Cooling Articles
Camembert,Cooling Articles
Gouda,Cooling Articles
Blue Cheese,Cooling Articles
Cream Cheese,Cooling Articles
Whipped Cream,Cooling Articles
Kefir,Cooling Articles
Eggs,Cooling Articles
Ham,Cooling Articles
Salami,Cooling Articles
Turkey,Cooling Articles
Chicken Breast,Cooling Articles
Bacon,Cooling Articles
Sausages,Cooling Articles
Liverwurst,Cooling Articles
Chorizo,Cooling Articles
Pepperoni,Cooling Articles
Cold Cuts,Cooling Articles
Prosciutto,Cooling Articles
Pastrami,Cooling Articles
Roast Beef,Cooling Articles
Canned Tuna,Cooling Articles
Canned Salmon,Cooling Articles
Canned Mackerel,Cooling Articles
Fish Fillets,Cooling Articles
Shrimp,Cooling Articles
Crab Meat,Cooling Articles
Lobster,Cooling Articles
Clams,Cooling Articles
Mussels,Cooling Articles
Oysters,Cooling Articles
Caviar,Cooling Articles
Smoked Salmon,Cooling Articles
Smoked Trout,Cooling Articles
Prawns,Cooling Articles
Fish Cakes,Cooling Articles
Fish Sticks,Cooling Articles
Fresh Yogurt,Cooling Articles
Soy Milk,Cooling Articles
Almond Milk,Cooling Articles
Oat Milk,Cooling Articles
Coconut Milk,Cooling Articles
Rice Milk,Cooling Articles
Fruit Juices,Cooling Articles
Apple Juice,Cooling Articles
Orange Juice,Cooling Articles
Pineapple Juice,Cooling Articles
Grape Juice,Cooling Articles
Tomato Juice,Cooling Articles
Carrot Juice,Cooling Articles
Lemon Juice,Cooling Articles
Lime Juice,Cooling Articles
Cranberry Juice,Cooling Articles
Vegetable Juice,Cooling Articles
Smoothies,Cooling Articles
Protein Shakes,Cooling Articles
Ready-to-eat Salads,Cooling Articles
Leaf Lettuce,Cooling Articles
Romaine Lettuce,Cooling Articles
Iceberg Lettuce,Cooling Articles
Spinach,Cooling Articles
Arugula,Cooling Articles
Kale,Cooling Articles
Cabbage,Cooling Articles
Bok Choy,Cooling Articles
Endive,Cooling Articles
Radicchio,Cooling Articles
Swiss Chard,Cooling Articles
Beet Greens,Cooling Articles
Mustard Greens,Cooling Articles
Collard Greens,Cooling Articles
Pea Shoots,Cooling Articles
Mache,Cooling Articles
Cress,Cooling Articles
Microgreens,Cooling Articles
Fresh Herbs,Cooling Articles
Parsley,Cooling Articles
Basil,Cooling Articles
Cilantro,Cooling Articles
Mint,Cooling Articles
Thyme,Cooling Articles
Oregano,Cooling Articles
Rosemary,Cooling Articles
Sage,Cooling Articles
Chives,Cooling Articles
Dill,Cooling Articles
Tarragon,Cooling Articles
Chili Peppers,Cooling Articles
Bell Peppers,Cooling Articles
Jalapeños,Cooling Articles
Habaneros,Cooling Articles
Serrano Peppers,Cooling Articles
Cayenne Peppers,Cooling Articles
Tomatoes,Cooling Articles
Cucumbers,Cooling Articles
Carrots,Cooling Articles
Broccoli,Cooling Articles
Cauliflower,Cooling Articles
Zucchini,Cooling Articles
Eggplant,Cooling Articles
Squash,Cooling Articles
Pumpkins,Cooling Articles
Sweet Potatoes,Cooling Articles
Potatoes,Cooling Articles
Onions,Cooling Articles
Garlic,Cooling Articles
Shallots,Cooling Articles
Leeks,Cooling Articles
Fennel,Cooling Articles
Asparagus,Cooling Articles
Artichokes,Cooling Articles
Celery,Cooling Articles
Mushrooms,Cooling Articles
Button Mushrooms,Cooling Articles
Cremini Mushrooms,Cooling Articles
Shiitake Mushrooms,Cooling Articles
Portobello Mushrooms,Cooling Articles
Oyster Mushrooms,Cooling Articles
Enoki Mushrooms,Cooling Articles
Truffles,Cooling Articles
Bamboo Shoots,Cooling Articles
Edamame,Cooling Articles
Snow Peas,Cooling Articles
Sugar Snap Peas,Cooling Articles
Green Beans,Cooling Articles
Peas,Cooling Articles
Pea Pods,Cooling Articles
Corn on the Cob,Cooling Articles
Sweet Corn,Cooling Articles
Baby Corn,Cooling Articles
Chard,Cooling Articles
Taro,Cooling Articles
Jerusalem Artichokes,Cooling Articles
Kohlrabi,Cooling Articles
Celeriac,Cooling Articles
Daikon,Cooling Articles
Yams,Cooling Articles
Turnips,Cooling Articles
Beets,Cooling Articles
Radishes,Cooling Articles
Parsnips,Cooling Articles
Fresh Ginger,Cooling Articles
Fresh Turmeric,Cooling Articles
Lemongrass,Cooling Articles
Coconut,Cooling Articles
Avocados,Cooling Articles
Pineapple,Cooling Articles
Mangoes,Cooling Articles
Papaya,Cooling Articles
Kiwi,Cooling Articles
Bananas,Cooling Articles
Apples,Cooling Articles
Pears,Cooling Articles
Peaches,Cooling Articles
Plums,Cooling Articles
Nectarines,Cooling Articles
Pomegranates,Cooling Articles
Cherries,Cooling Articles
Grapes,Cooling Articles
Strawberries,Cooling Articles
Blueberries,Cooling Articles
Blackberries,Cooling Articles
Raspberries,Cooling Articles
Dragonfruit,Cooling Articles
Melons,Cooling Articles
Watermelon,Cooling Articles
Cantaloupe,Cooling Articles
Honeydew Melon,Cooling Articles
Lychees,Cooling Articles
Passionfruit,Cooling Articles
Tamarillo,Cooling Articles
Papayas,Cooling Articles
Gooseberries,Cooling Articles
Starfruit,Cooling Articles
Clementines,Cooling Articles
Mandarins,Cooling Articles
Tangerines,Cooling Articles
Lemons,Cooling Articles
Limes,Cooling Articles
Grapefruits,Cooling Articles
Kumquats,Cooling Articles
Apricots,Cooling Articles
Nectarines,Cooling Articles
Cantaloupe,Cooling Articles
Dragonfruit,Cooling Articles
Apples,Fruits and Vegetables
Bananas,Fruits and Vegetables
Pears,Fruits and Vegetables
Oranges,Fruits and Vegetables
Grapes,Fruits and Vegetables
Strawberries,Fruits and Vegetables
Blueberries,Fruits and Vegetables
Pineapple,Fruits and Vegetables
Watermelon,Fruits and Vegetables
Cherries,Fruits and Vegetables
Raspberries,Fruits and Vegetables
Blackberries,Fruits and Vegetables
Peaches,Fruits and Vegetables
Plums,Fruits and Vegetables
Nectarines,Fruits and Vegetables
Mango,Fruits and Vegetables
Kiwi,Fruits and Vegetables
Papaya,Fruits and Vegetables
Dragon Fruit,Fruits and Vegetables
Cantaloupe,Fruits and Vegetables
Lemon,Fruits and Vegetables
Lime,Fruits and Vegetables
Grapefruit,Fruits and Vegetables
Tangerine,Fruits and Vegetables
Apricots,Fruits and Vegetables
Coconut,Fruits and Vegetables
Passion Fruit,Fruits and Vegetables
Pomegranate,Fruits and Vegetables
Guava,Fruits and Vegetables
Figs,Fruits and Vegetables
Cranberries,Fruits and Vegetables
Cucumber,Fruits and Vegetables
Tomatoes,Fruits and Vegetables
Bell Peppers,Fruits and Vegetables
Zucchini,Fruits and Vegetables
Eggplant,Fruits and Vegetables
Carrots,Fruits and Vegetables
Sweet Potatoes,Fruits and Vegetables
Potatoes,Fruits and Vegetables
Onions,Fruits and Vegetables
Shallots,Fruits and Vegetables
Garlic,Fruits and Vegetables
Leeks,Fruits and Vegetables
Radishes,Fruits and Vegetables
Beets,Fruits and Vegetables
Turnips,Fruits and Vegetables
Parsnips,Fruits and Vegetables
Squash,Fruits and Vegetables
Pumpkin,Fruits and Vegetables
Broccoli,Fruits and Vegetables
Cauliflower,Fruits and Vegetables
Brussels Sprouts,Fruits and Vegetables
Spinach,Fruits and Vegetables
Kale,Fruits and Vegetables
Arugula,Fruits and Vegetables
Lettuce,Fruits and Vegetables
Chard,Fruits and Vegetables
Collard Greens,Fruits and Vegetables
Cabbage,Fruits and Vegetables
Bok Choy,Fruits and Vegetables
Mustard Greens,Fruits and Vegetables
Asparagus,Fruits and Vegetables
Artichokes,Fruits and Vegetables
Celery,Fruits and Vegetables
Fennel,Fruits and Vegetables
Avocado,Fruits and Vegetables
Green Beans,Fruits and Vegetables
Snow Peas,Fruits and Vegetables
Sugar Snap Peas,Fruits and Vegetables
Peas,Fruits and Vegetables
Okra,Fruits and Vegetables
Chili Peppers,Fruits and Vegetables
Jalapeños,Fruits and Vegetables
Habaneros,Fruits and Vegetables
Serrano Peppers,Fruits and Vegetables
Anaheim Peppers,Fruits and Vegetables
Cilantro,Fruits and Vegetables
Parsley,Fruits and Vegetables
Basil,Fruits and Vegetables
Dill,Fruits and Vegetables
Oregano,Fruits and Vegetables
Thyme,Fruits and Vegetables
Rosemary,Fruits and Vegetables
Sage,Fruits and Vegetables
Tarragon,Fruits and Vegetables
Chives,Fruits and Vegetables
Mint,Fruits and Vegetables
Chili Flakes,Fruits and Vegetables
Cabbage, Napa,Fruits and Vegetables
Yams,Fruits and Vegetables
Aubergine,Fruits and Vegetables
Radicchio,Fruits and Vegetables
Endive,Fruits and Vegetables
Watercress,Fruits and Vegetables
Bamboo Shoots,Fruits and Vegetables
Ginger,Fruits and Vegetables
Turmeric,Fruits and Vegetables
Sunchokes,Fruits and Vegetables
Kohlrabi,Fruits and Vegetables
Water Chestnuts,Fruits and Vegetables
Shiso,Fruits and Vegetables
Lotus Root,Fruits and Vegetables
Dandelion Greens,Fruits and Vegetables
Kale Sprouts,Fruits and Vegetables
Fennel Fronds,Fruits and Vegetables
Chili Peppers, Green,Fruits and Vegetables
Chili Peppers, Red,Fruits and Vegetables
Radish Greens,Fruits and Vegetables
Mizuna,Fruits and Vegetables
Sorrel,Fruits and Vegetables
Chayote,Fruits and Vegetables
Taro,Fruits and Vegetables
Shiitake Mushrooms,Fruits and Vegetables
Oyster Mushrooms,Fruits and Vegetables
Portobello Mushrooms,Fruits and Vegetables
Enoki Mushrooms,Fruits and Vegetables
Button Mushrooms,Fruits and Vegetables
Cremini Mushrooms,Fruits and Vegetables
King Oyster Mushrooms,Fruits and Vegetables
Morel Mushrooms,Fruits and Vegetables
Chanterelle Mushrooms,Fruits and Vegetables
Pine Mushrooms,Fruits and Vegetables
Agaricus Mushrooms,Fruits and Vegetables
Saffron Milk Cap Mushrooms,Fruits and Vegetables
Porcini Mushrooms,Fruits and Vegetables
Truffle Mushrooms,Fruits and Vegetables
Corn,Fruits and Vegetables
Sweet Corn,Fruits and Vegetables
Edamame,Fruits and Vegetables
Celeriac,Fruits and Vegetables
Daikon,Fruits and Vegetables
Jerusalem Artichokes,Fruits and Vegetables
Mache,Fruits and Vegetables
Dandelion,Fruits and Vegetables
Mangetout,Fruits and Vegetables
Kale, Red,Fruits and Vegetables
Bittermelon,Fruits and Vegetables
Yardlong Beans,Fruits and Vegetables
Okra Pods,Fruits and Vegetables
Chinese Broccoli,Fruits and Vegetables
Sweet Potato Greens,Fruits and Vegetables
Tat soi,Fruits and Vegetables
Fennel Bulb,Fruits and Vegetables
Nopales,Fruits and Vegetables
Moringa,Fruits and Vegetables
Chili Pepper, Thai,Fruits and Vegetables
Chinese Chives,Fruits and Vegetables
Sea Beans,Fruits and Vegetables
Lemongrass,Fruits and Vegetables
Pak Choi,Fruits and Vegetables
Bitter Cucumber,Fruits and Vegetables
Malabar Spinach,Fruits and Vegetables
Gai Lan,Fruits and Vegetables
Bittermelon,Fruits and Vegetables
Cucumber, Japanese,Fruits and Vegetables
Taro Root,Fruits and Vegetables
Bittermelon, Green,Fruits and Vegetables
Chinese Cabbage,Fruits and Vegetables
Zucchini, Yellow,Fruits and Vegetables
Fennel Seed,Fruits and Vegetables
Chayote Squash,Fruits and Vegetables
Lima Beans,Fruits and Vegetables
Red Chili Pepper,Fruits and Vegetables
Shallot,Fruits and Vegetables
Tomatillo,Fruits and Vegetables
Cress,Fruits and Vegetables
Black Mustard Seed,Fruits and Vegetables
Tamarillo,Fruits and Vegetables
Fenugreek,Fruits and Vegetables
Nopal Cactus,Fruits and Vegetables
Gai Choy,Fruits and Vegetables
Jalapeño Pepper,Fruits and Vegetables
Red Radish,Fruits and Vegetables
Yellow Pepper,Fruits and Vegetables
Garlic Scapes,Fruits and Vegetables
Rice,Dry Articles
Pasta,Dry Articles
Spaghetti,Dry Articles
Macaroni,Dry Articles
Fusilli,Dry Articles
Lasagna,Dry Articles
Tagliatelle,Dry Articles
Penne,Dry Articles
Ravioli,Dry Articles
Couscous,Dry Articles
Quinoa,Dry Articles
Barley,Dry Articles
Oats,Dry Articles
Buckwheat,Dry Articles
Polenta,Dry Articles
Cornmeal,Dry Articles
Chia Seeds,Dry Articles
Flaxseeds,Dry Articles
Sunflower Seeds,Dry Articles
Pumpkin Seeds,Dry Articles
Hemp Seeds,Dry Articles
Sesame Seeds,Dry Articles
Poppy Seeds,Dry Articles
Brown Lentils,Dry Articles
Green Lentils,Dry Articles
Red Lentils,Dry Articles
Chickpeas,Dry Articles
Kidney Beans,Dry Articles
Black Beans,Dry Articles
Pinto Beans,Dry Articles
Navy Beans,Dry Articles
Soybeans,Dry Articles
Fava Beans,Dry Articles
Cannellini Beans,Dry Articles
Black-Eyed Peas,Dry Articles
Split Peas,Dry Articles
Peas,Dry Articles
Garbanzo Beans,Dry Articles
White Beans,Dry Articles
Mung Beans,Dry Articles
Adzuki Beans,Dry Articles
Rice Noodles,Dry Articles
Soba Noodles,Dry Articles
Udon Noodles,Dry Articles
Egg Noodles,Dry Articles
Instant Noodles,Dry Articles
Tortillas,Dry Articles
Wraps,Dry Articles
Flatbread,Dry Articles
Pita Bread,Dry Articles
Crackers,Dry Articles
Rice Cakes,Dry Articles
Granola,Dry Articles
Breakfast Cereal,Dry Articles
Cornflakes,Dry Articles
Muesli,Dry Articles
Oatmeal,Dry Articles
Grits,Dry Articles
Couscous Pasta,Dry Articles
Instant Rice,Dry Articles
Polenta Meal,Dry Articles
Wheat Flour,Dry Articles
Corn Flour,Dry Articles
Self-Raising Flour,Dry Articles
Whole Wheat Flour,Dry Articles
Gluten-Free Flour,Dry Articles
Rice Flour,Dry Articles
Almond Flour,Dry Articles
Chickpea Flour,Dry Articles
Coconut Flour,Dry Articles
Semolina,Dry Articles
Soya Flour,Dry Articles
Oat Flour,Dry Articles
Tapioca Flour,Dry Articles
Potato Starch,Dry Articles
Corn Starch,Dry Articles
Baking Powder,Dry Articles
Baking Soda,Dry Articles
Sugar,Dry Articles
Brown Sugar,Dry Articles
Caster Sugar,Dry Articles
Powdered Sugar,Dry Articles
Honey,Dry Articles
Maple Syrup,Dry Articles
Molasses,Dry Articles
Agave Syrup,Dry Articles
Coconut Sugar,Dry Articles
Stevia,Dry Articles
Vanilla Extract,Dry Articles
Salt,Dry Articles
Table Salt,Dry Articles
Sea Salt,Dry Articles
Himalayan Salt,Dry Articles
Kosher Salt,Dry Articles
Black Pepper,Dry Articles
White Pepper,Dry Articles
Ground Cinnamon,Dry Articles
Ground Nutmeg,Dry Articles
Ground Cloves,Dry Articles
Ground Ginger,Dry Articles
Turmeric,Dry Articles
Curry Powder,Dry Articles
Chili Powder,Dry Articles
Paprika,Dry Articles
Cayenne Pepper,Dry Articles
Oregano,Dry Articles
Basil,Dry Articles
Thyme,Dry Articles
Rosemary,Dry Articles
Sage,Dry Articles
Coriander,Dry Articles
Parsley,Dry Articles
Dill,Dry Articles
Chili Flakes,Dry Articles
Garlic Powder,Dry Articles
Onion Powder,Dry Articles
Mustard Powder,Dry Articles
Cumin,Dry Articles
Caraway Seeds,Dry Articles
Fennel Seeds,Dry Articles
Coriander Seeds,Dry Articles
Fenugreek,Dry Articles
Cardamom,Dry Articles
Saffron,Dry Articles
Bay Leaves,Dry Articles
Garam Masala,Dry Articles
Chinese Five Spice,Dry Articles
Chinese 13 Spices,Dry Articles
Taco Seasoning,Dry Articles
Vegetable Stock Powder,Dry Articles
Chicken Stock Powder,Dry Articles
Beef Stock Powder,Dry Articles
Bouillon Cubes,Dry Articles
Soup Mix,Dry Articles
Instant Soup,Dry Articles
Dried Mushrooms,Dry Articles
Dried Tomatoes,Dry Articles
Dried Fruit,Dry Articles
Raisins,Dry Articles
Sultanas,Dry Articles
Dried Apricots,Dry Articles
Dried Figs,Dry Articles
Dried Cranberries,Dry Articles
Dried Mango,Dry Articles
Dried Pineapple,Dry Articles
Dried Papaya,Dry Articles
Dried Strawberries,Dry Articles
Dried Blueberries,Dry Articles
Dried Apples,Dry Articles
Dried Pears,Dry Articles
Dried Bananas,Dry Articles
Dried Cherries,Dry Articles
Dried Mulberries,Dry Articles
Dried Goji Berries,Dry Articles
Coconut Flakes,Dry Articles
Dried Seaweed,Dry Articles
Nori Sheets,Dry Articles
Puffed Rice,Dry Articles
Puffed Wheat,Dry Articles
Rice Pudding Mix,Dry Articles
Cereal Bars,Dry Articles
Granola Bars,Dry Articles
Energy Bars,Dry Articles
Protein Bars,Dry Articles
Peanut Butter,Dry Articles
Almond Butter,Dry Articles
Hazelnut Butter,Dry Articles
Cashew Butter,Dry Articles
Sunflower Seed Butter,Dry Articles
Tahini,Dry Articles
Coconut Butter,Dry Articles
Margarine,Dry Articles
Butter Powder,Dry Articles
Milk Powder,Dry Articles
Cream Powder,Dry Articles
Cheese Powder,Dry Articles
Instant Coffee,Dry Articles
Ground Coffee,Dry Articles
Coffee Beans,Dry Articles
Tea Bags,Dry Articles
Loose Leaf Tea,Dry Articles
Cocoa Powder,Dry Articles
Hot Chocolate Powder,Dry Articles
Protein Powder,Dry Articles
Flaxseed Meal,Dry Articles
Chia Seed Powder,Dry Articles
Matcha Powder,Dry Articles
Spirulina Powder,Dry Articles
Acai Powder,Dry Articles
Maca Powder,Dry Articles
Cacao Powder,Dry Articles
Kale Powder,Dry Articles
Wheatgrass Powder,Dry Articles
Dried Seaweed Flakes,Dry Articles
Baking Chocolate,Dry Articles
Dark Chocolate,Dry Articles
Milk Chocolate,Dry Articles
White Chocolate,Dry Articles
Chocolate Chips,Dry Articles
Candy,Dry Articles
Licorice,Dry Articles
Gummy Bears,Dry Articles
Hard Candy,Dry Articles
Toffee,Dry Articles
Sugar-Free Candy,Dry Articles
Gum,Dry Articles
Mints,Dry Articles
Popcorn Kernels,Dry Articles
Popcorn Seasoning,Dry Articles
Pretzels,Dry Articles
Tortilla Chips,Dry Articles
Potato Chips,Dry Articles
Rice Crackers,Dry Articles
Vegetable Chips,Dry Articles
Wasabi Peas,Dry Articles
Nuts,Dry Articles
Almonds,Dry Articles
Cashews,Dry Articles
Pistachios,Dry Articles
Peanuts,Dry Articles
Brazil Nuts,Dry Articles
Macadamia Nuts,Dry Articles
Hazelnuts,Dry Articles
Walnuts,Dry Articles
Pine Nuts,Dry Articles
Pecan Nuts,Dry Articles
Coconut Flakes,Dry Articles
Mixed Nuts,Dry Articles
Trail Mix,Dry Articles
Granola,Dry Articles

